Population,Colony_ID,Distance(m),Bee_Id,Dance_No .,Waggle_run_No.,Start_frame,End_frame,Frame_difference,Waggle_run_duration(s),Mean_frame_difference,Mean_waggle_run_duration(s)
Apis cerana kashmirensis,Colony_3,50,FG_,1,1,24128,24148,20,0.33898305,20.06666667,0.34013
Apis cerana kashmirensis,Colony_3,50,FG_,1,2,24852,24875,23,0.389830508,,
Apis cerana kashmirensis,Colony_3,50,FG_,1,NA,NA,NA,NA,NA,,
Apis cerana kashmirensis,Colony_3,50,FG_,1,3,25144,25166,22,0.372881355,,
Apis cerana kashmirensis,Colony_3,50,FG_,1,4,25226,25236,10,0.169491525,,
Apis cerana kashmirensis,Colony_3,50,FG_,1,NA,NA,NA,NA,NA,,
Apis cerana kashmirensis,Colony_3,50,FG_,1,5,25370,25388,18,0.305084745,,
Apis cerana kashmirensis,Colony_3,50,FG_,1,6,25443,25478,35,0.593220338,,
Apis cerana kashmirensis,Colony_3,50,FG_,1,7,25544,25563,19,0.322033898,,
Apis cerana kashmirensis,Colony_3,50,FG_,1,8,25690,25716,26,0.440677965,,
Apis cerana kashmirensis,Colony_3,50,FG_,1,NA,NA,NA,NA,NA,,
Apis cerana kashmirensis,Colony_3,50,FG_,1,9,26114,26132,18,0.305084745,,
Apis cerana kashmirensis,Colony_3,50,FG_,1,10,26226,26238,12,0.20338983,,
Apis cerana kashmirensis,Colony_3,50,FG_,1,11,26352,26372,20,0.33898305,,
Apis cerana kashmirensis,Colony_3,50,FG_,1,12,26434,26455,21,0.355932203,,
Apis cerana kashmirensis,Colony_3,50,FG_,1,13,26500,26512,12,0.20338983,,
Apis cerana kashmirensis,Colony_3,50,FG_,1,14,26568,26585,17,0.288135593,,
Apis cerana kashmirensis,Colony_3,50,FG_,1,15,26654,26682,28,0.47457627,,
Apis cerana kashmirensis,Colony_3,50,RWT,1,1,2436,2466,30,0.508474575,22.5,0.381375
Apis cerana kashmirensis,Colony_3,50,RWT,1,2,2608,2634,26,0.440677965,,
Apis cerana kashmirensis,Colony_3,50,RWT,1,NA,NA,NA,NA,NA,,
Apis cerana kashmirensis,Colony_3,50,RWT,1,3,2868,2895,27,0.457627118,,
Apis cerana kashmirensis,Colony_3,50,RWT,1,NA,NA,NA,NA,NA,,
Apis cerana kashmirensis,Colony_3,50,RWT,1,4,3590,3604,14,0.237288135,,
Apis cerana kashmirensis,Colony_3,50,RWT,1,5,3664,3698,34,0.576271185,,
Apis cerana kashmirensis,Colony_3,50,RWT,1,6,3748,3776,28,0.47457627,,
Apis cerana kashmirensis,Colony_3,50,RWT,1,NA,NA,NA,NA,NA,,
Apis cerana kashmirensis,Colony_3,50,RWT,1,7,3984,3997,13,0.220338983,,
Apis cerana kashmirensis,Colony_3,50,RWT,1,8,4054,4081,27,0.457627118,,
Apis cerana kashmirensis,Colony_3,50,RWT,1,9,4132,4152,20,0.33898305,,
Apis cerana kashmirensis,Colony_3,50,RWT,1,10,4242,4260,18,0.305084745,,
Apis cerana kashmirensis,Colony_3,50,RWT,1,11,4314,4334,20,0.33898305,,
Apis cerana kashmirensis,Colony_3,50,RWT,1,12,4402,4431,29,0.491525423,,
Apis cerana kashmirensis,Colony_3,50,RWT,1,13,4500,4518,18,0.305084745,,
Apis cerana kashmirensis,Colony_3,50,RWT,1,14,4592,4618,26,0.440677965,,
Apis cerana kashmirensis,Colony_3,50,RWT,1,15,4674,4696,22,0.372881355,,
Apis cerana kashmirensis,Colony_3,50,RWT,1,16,4744,4763,19,0.322033898,,
Apis cerana kashmirensis,Colony_3,50,RWT,1,17,4816,4832,16,0.27118644,,
Apis cerana kashmirensis,Colony_3,50,RWT,1,18,4900,4936,36,0.61016949,,
Apis cerana kashmirensis,Colony_3,50,RWT,1,19,4998,5028,30,0.508474575,,
Apis cerana kashmirensis,Colony_3,50,RWT,1,20,5082,5100,18,0.305084745,,
Apis cerana kashmirensis,Colony_3,50,RWT,1,21,5156,5177,21,0.355932203,,
Apis cerana kashmirensis,Colony_3,50,RWT,1,22,5238,5269,31,0.525423728,,
Apis cerana kashmirensis,Colony_3,50,RWT,1,23,5348,5361,13,0.220338983,,
Apis cerana kashmirensis,Colony_3,50,RWT,1,NA,NA,NA,NA,NA,,
Apis cerana kashmirensis,Colony_3,50,RWT,1,24,5658,5679,21,0.355932203,,
Apis cerana kashmirensis,Colony_3,50,RWT,1,25,5736,5765,29,0.491525423,,
Apis cerana kashmirensis,Colony_3,50,RWT,1,26,5816,5832,16,0.27118644,,
Apis cerana kashmirensis,Colony_3,50,RWT,1,NA,NA,NA,NA,NA,,
Apis cerana kashmirensis,Colony_3,50,RWT,1,27,6827,6841,14,0.237288135,,
Apis cerana kashmirensis,Colony_3,50,RWT,1,28,6900,6924,24,0.40677966,,
Apis cerana kashmirensis,Colony_3,50,RWT,1,29,6962,6973,11,0.186440678,,
Apis cerana kashmirensis,Colony_3,50,RWT,1,30,7024,7048,24,0.40677966,,
Apis cerana kashmirensis,Colony_3,50,RWT,2,1,12776,12796,20,0.33898305,21.36666667,0.362165
Apis cerana kashmirensis,Colony_3,50,RWT,2,2,12876,12889,13,0.220338983,,
Apis cerana kashmirensis,Colony_3,50,RWT,2,3,12964,12988,24,0.40677966,,
Apis cerana kashmirensis,Colony_3,50,RWT,2,4,13109,13134,25,0.423728813,,
Apis cerana kashmirensis,Colony_3,50,RWT,2,NA,NA,NA,NA,NA,,
Apis cerana kashmirensis,Colony_3,50,RWT,2,5,13438,13457,19,0.322033898,,
Apis cerana kashmirensis,Colony_3,50,RWT,2,6,13600,13611,11,0.186440678,,
Apis cerana kashmirensis,Colony_3,50,RWT,2,NA,NA,NA,NA,NA,,
Apis cerana kashmirensis,Colony_3,50,RWT,2,7,13836,13872,36,0.61016949,,
Apis cerana kashmirensis,Colony_3,50,RWT,2,NA,NA,NA,NA,NA,,
Apis cerana kashmirensis,Colony_3,50,RWT,2,8,14364,14386,22,0.372881355,,
Apis cerana kashmirensis,Colony_3,50,RWT,2,9,14666,14694,28,0.47457627,,
Apis cerana kashmirensis,Colony_3,50,RWT,2,10,14772,14792,20,0.33898305,,
Apis cerana kashmirensis,Colony_3,50,RWT,2,11,14848,14868,20,0.33898305,,
Apis cerana kashmirensis,Colony_3,50,RWT,2,12,14933,14944,11,0.186440678,,
Apis cerana kashmirensis,Colony_3,50,RWT,2,13,15068,15091,23,0.389830508,,
Apis cerana kashmirensis,Colony_3,50,RWT,2,NA,NA,NA,NA,NA,,
Apis cerana kashmirensis,Colony_3,50,RWT,2,14,15337,15358,21,0.355932203,,
Apis cerana kashmirensis,Colony_3,50,RWT,2,15,15430,15436,6,0.101694915,,
Apis cerana kashmirensis,Colony_3,50,RWT,2,NA,NA,NA,NA,NA,,
Apis cerana kashmirensis,Colony_3,50,RWT,2,16,15814,15831,17,0.288135593,,
Apis cerana kashmirensis,Colony_3,50,RWT,2,17,15884,15926,42,0.711864405,,
Apis cerana kashmirensis,Colony_3,50,RWT,2,18,15996,16010,14,0.237288135,,
Apis cerana kashmirensis,Colony_3,50,RWT,2,19,16088,16130,42,0.711864405,,
Apis cerana kashmirensis,Colony_3,50,RWT,2,NA,NA,NA,NA,NA,,
Apis cerana kashmirensis,Colony_3,50,RWT,2,20,17016,17040,24,0.40677966,,
Apis cerana kashmirensis,Colony_3,50,RWT,2,21,17108,17126,18,0.305084745,,
Apis cerana kashmirensis,Colony_3,50,RWT,2,22,17288,17321,33,0.559322033,,
Apis cerana kashmirensis,Colony_3,50,RWT,2,23,17456,17480,24,0.40677966,,
Apis cerana kashmirensis,Colony_3,50,RWT,2,24,17562,17573,11,0.186440678,,
Apis cerana kashmirensis,Colony_3,50,RWT,2,NA,NA,NA,NA,NA,,
Apis cerana kashmirensis,Colony_3,50,RWT,2,25,17734,17748,14,0.237288135,,
Apis cerana kashmirensis,Colony_3,50,RWT,2,26,17810,17827,17,0.288135593,,
Apis cerana kashmirensis,Colony_3,50,RWT,2,NA,NA,NA,NA,NA,,
Apis cerana kashmirensis,Colony_3,50,RWT,2,27,18036,18055,19,0.322033898,,
Apis cerana kashmirensis,Colony_3,50,RWT,2,28,18110,18122,12,0.20338983,,
Apis cerana kashmirensis,Colony_3,50,RWT,2,29,18292,18317,25,0.423728813,,
Apis cerana kashmirensis,Colony_3,50,RWT,2,30,18376,18406,30,0.508474575,,
Apis cerana kashmirensis,Colony_3,50,WT,1,1,27782,27793,11,0.186440678,11,0.18645
Apis cerana kashmirensis,Colony_3,50,WT,2,1,30776,30787,11,0.186440678,17.63636364,0.298936364
Apis cerana kashmirensis,Colony_3,50,WT,2,2,30842,30866,24,0.40677966,,
Apis cerana kashmirensis,Colony_3,50,WT,2,NA,NA,NA,NA,NA,,
Apis cerana kashmirensis,Colony_3,50,WT,2,3,31186,31204,18,0.305084745,,
Apis cerana kashmirensis,Colony_3,50,WT,2,4,31274,31290,16,0.27118644,,
Apis cerana kashmirensis,Colony_3,50,WT,2,NA,NA,NA,NA,NA,,
Apis cerana kashmirensis,Colony_3,50,WT,2,5,31406,31423,17,0.288135593,,
Apis cerana kashmirensis,Colony_3,50,WT,2,6,31516,31534,18,0.305084745,,
Apis cerana kashmirensis,Colony_3,50,WT,2,NA,NA,NA,NA,NA,,
Apis cerana kashmirensis,Colony_3,50,WT,2,7,31880,31894,14,0.237288135,,
Apis cerana kashmirensis,Colony_3,50,WT,2,8,31960,31978,18,0.305084745,,
Apis cerana kashmirensis,Colony_3,50,WT,2,NA,NA,NA,NA,NA,,
Apis cerana kashmirensis,Colony_3,50,WT,2,9,32298,32320,22,0.372881355,,
Apis cerana kashmirensis,Colony_3,50,WT,2,NA,NA,NA,NA,NA,,
Apis cerana kashmirensis,Colony_3,50,WT,2,10,32452,32474,22,0.372881355,,
Apis cerana kashmirensis,Colony_3,50,WT,2,NA,NA,NA,NA,NA,,
Apis cerana kashmirensis,Colony_3,50,WT,2,11,32988,33002,14,0.237288135,,
Apis cerana kashmirensis,Colony_3,50,WT,3,1,35364,35379,15,0.254237288,19,0.32205
Apis cerana kashmirensis,Colony_3,50,WT,3,2,36416,36436,20,0.33898305,,
Apis cerana kashmirensis,Colony_3,50,WT,3,3,36615,36637,22,0.372881355,,
Apis cerana kashmirensis,Colony_3,50,YRT,1,1,8616,8648,32,0.54237288,24.62068966,0.41732069
Apis cerana kashmirensis,Colony_3,50,YRT,1,NA,NA,NA,NA,NA,,
Apis cerana kashmirensis,Colony_3,50,YRT,1,2,8982,9017,35,0.593220338,,
Apis cerana kashmirensis,Colony_3,50,YRT,1,3,9086,9104,18,0.305084745,,
Apis cerana kashmirensis,Colony_3,50,YRT,1,NA,NA,NA,NA,NA,,
Apis cerana kashmirensis,Colony_3,50,YRT,1,4,9456,9482,26,0.440677965,,
Apis cerana kashmirensis,Colony_3,50,YRT,1,5,9549,9556,7,0.118644068,,
Apis cerana kashmirensis,Colony_3,50,YRT,1,6,9618,9640,22,0.372881355,,
Apis cerana kashmirensis,Colony_3,50,YRT,1,7,9704,9736,32,0.54237288,,
Apis cerana kashmirensis,Colony_3,50,YRT,1,8,9832,9850,18,0.305084745,,
Apis cerana kashmirensis,Colony_3,50,YRT,2,1,24338,24373,35,0.593220338,27.75,0.4703625
Apis cerana kashmirensis,Colony_3,50,YRT,2,2,24420,24449,29,0.491525423,,
Apis cerana kashmirensis,Colony_3,50,YRT,2,3,24608,24637,29,0.491525423,,
Apis cerana kashmirensis,Colony_3,50,YRT,2,4,24770,24798,28,0.47457627,,
Apis cerana kashmirensis,Colony_3,50,YRT,2,NA,NA,NA,NA,NA,,
Apis cerana kashmirensis,Colony_3,50,YRT,2,5,25114,25134,20,0.33898305,,
Apis cerana kashmirensis,Colony_3,50,YRT,2,NA,NA,NA,NA,NA,,
Apis cerana kashmirensis,Colony_3,50,YRT,2,6,25454,25484,30,0.508474575,,
Apis cerana kashmirensis,Colony_3,50,YRT,2,NA,NA,NA,NA,NA,,
Apis cerana kashmirensis,Colony_3,50,YRT,2,7,25822,25856,34,0.576271185,,
Apis cerana kashmirensis,Colony_3,50,YRT,2,8,26143,26160,17,0.288135593,,
Apis cerana kashmirensis,Colony_3,50,YRT,3,1,32444,32456,12,0.20338983,21.95454545,0.372129545
Apis cerana kashmirensis,Colony_3,50,YRT,3,2,32536,32553,17,0.288135593,,
Apis cerana kashmirensis,Colony_3,50,YRT,3,3,32624,32650,26,0.440677965,,
Apis cerana kashmirensis,Colony_3,50,YRT,3,4,32708,32742,34,0.576271185,,
Apis cerana kashmirensis,Colony_3,50,YRT,3,5,32818,32833,15,0.254237288,,
Apis cerana kashmirensis,Colony_3,50,YRT,3,6,32882,32905,23,0.389830508,,
Apis cerana kashmirensis,Colony_3,50,YRT,3,7,32962,32986,24,0.40677966,,
Apis cerana kashmirensis,Colony_3,50,YRT,3,NA,NA,NA,NA,NA,,
Apis cerana kashmirensis,Colony_3,50,YRT,3,8,33100,33126,26,0.440677965,,
Apis cerana kashmirensis,Colony_3,50,YRT,3,9,33184,33212,28,0.47457627,,
Apis cerana kashmirensis,Colony_3,50,YRT,3,10,33262,33292,30,0.508474575,,
Apis cerana kashmirensis,Colony_3,50,YRT,3,11,33346,33361,15,0.254237288,,
Apis cerana kashmirensis,Colony_3,50,YRT,3,12,33418,33440,22,0.372881355,,
Apis cerana kashmirensis,Colony_3,50,YRT,3,13,33496,33526,30,0.508474575,,
Apis cerana kashmirensis,Colony_3,50,YRT,3,14,33598,33624,26,0.440677965,,
Apis cerana kashmirensis,Colony_3,50,YRT,3,15,33742,33764,22,0.372881355,,
Apis cerana kashmirensis,Colony_3,50,YRT,3,16,33815,33834,19,0.322033898,,
Apis cerana kashmirensis,Colony_3,50,YRT,3,17,33900,33922,22,0.372881355,,
Apis cerana kashmirensis,Colony_3,50,YRT,3,NA,NA,NA,NA,NA,,
Apis cerana kashmirensis,Colony_3,50,YRT,3,18,34056,34065,9,0.152542373,,
Apis cerana kashmirensis,Colony_3,50,YRT,3,NA,NA,NA,NA,NA,,
Apis cerana kashmirensis,Colony_3,50,YRT,3,19,34442,34480,38,0.644067795,,
Apis cerana kashmirensis,Colony_3,50,YRT,3,20,34544,34564,20,0.33898305,,
Apis cerana kashmirensis,Colony_3,50,YRT,3,21,34617,34633,16,0.27118644,,
Apis cerana kashmirensis,Colony_3,50,YRT,3,22,34704,34713,9,0.152542373,,
Apis cerana kashmirensis,Colony_3,150,BB,1,1,16248,16272,24,0.40677966,30.6,0.51867
Apis cerana kashmirensis,Colony_3,150,BB,1,2,16348,16378,30,0.508474575,,
Apis cerana kashmirensis,Colony_3,150,BB,1,3,16462,16486,24,0.40677966,,
Apis cerana kashmirensis,Colony_3,150,BB,1,4,16564,16604,40,0.6779661,,
Apis cerana kashmirensis,Colony_3,150,BB,1,NA,NA,NA,NA,NA,,
Apis cerana kashmirensis,Colony_3,150,BB,1,5,17704,17739,35,0.593220338,,
Apis cerana kashmirensis,Colony_3,150,WW,1,1,11950,11969,19,0.322033898,31.33333333,0.5311
Apis cerana kashmirensis,Colony_3,150,WW,1,2,12032,12078,46,0.779661015,,
Apis cerana kashmirensis,Colony_3,150,WW,1,3,12154,12169,15,0.254237288,,
Apis cerana kashmirensis,Colony_3,150,WW,1,4,12248,12280,32,0.54237288,,
Apis cerana kashmirensis,Colony_3,150,WW,1,5,12352,12396,44,0.74576271,,
Apis cerana kashmirensis,Colony_3,150,WW,1,6,12466,12498,32,0.54237288,,
Apis cerana kashmirensis,Colony_3,200,WB,1,1,4832,4880,48,0.81355932,39.71428571,0.673157143
Apis cerana kashmirensis,Colony_3,200,WB,1,2,4946,4986,40,0.6779661,,
Apis cerana kashmirensis,Colony_3,200,WB,1,3,5072,5104,32,0.54237288,,
Apis cerana kashmirensis,Colony_3,200,WB,1,4,5172,5208,36,0.61016949,,
Apis cerana kashmirensis,Colony_3,200,WB,1,5,5266,5296,30,0.508474575,,
Apis cerana kashmirensis,Colony_3,200,WB,1,6,5378,5420,42,0.711864405,,
Apis cerana kashmirensis,Colony_3,200,WB,1,7,5484,5519,35,0.593220338,,
Apis cerana kashmirensis,Colony_3,200,WB,1,8,5596,5639,43,0.728813558,,
Apis cerana kashmirensis,Colony_3,200,WB,1,NA,NA,NA,NA,NA,,
Apis cerana kashmirensis,Colony_3,200,WB,1,9,5812,5864,52,0.88135593,,
Apis cerana kashmirensis,Colony_3,200,WB,1,10,5930,5978,48,0.81355932,,
Apis cerana kashmirensis,Colony_3,200,WB,1,11,6047,6079,32,0.54237288,,
Apis cerana kashmirensis,Colony_3,200,WB,1,12,6158,6200,42,0.711864405,,
Apis cerana kashmirensis,Colony_3,200,WB,1,13,6284,6318,34,0.576271185,,
Apis cerana kashmirensis,Colony_3,200,WB,1,14,6392,6434,42,0.711864405,,
Apis cerana kashmirensis,Colony_3,200,WT,1,1,9558,9582,24,0.40677966,37.72727273,0.639477273
Apis cerana kashmirensis,Colony_3,200,WT,1,2,9644,9692,48,0.81355932,,
Apis cerana kashmirensis,Colony_3,200,WT,1,3,9776,9813,37,0.627118643,,
Apis cerana kashmirensis,Colony_3,200,WT,1,NA,NA,NA,NA,NA,,
Apis cerana kashmirensis,Colony_3,200,WT,1,4,10136,10182,46,0.779661015,,
Apis cerana kashmirensis,Colony_3,200,WT,1,5,10241,10282,41,0.694915253,,
Apis cerana kashmirensis,Colony_3,200,WT,1,6,10358,10391,33,0.559322033,,
Apis cerana kashmirensis,Colony_3,200,WT,1,7,10457,10507,50,0.847457625,,
Apis cerana kashmirensis,Colony_3,200,WT,1,8,10570,10604,34,0.576271185,,
Apis cerana kashmirensis,Colony_3,200,WT,1,9,10675,10715,40,0.6779661,,
Apis cerana kashmirensis,Colony_3,200,WT,1,10,10782,10820,38,0.644067795,,
Apis cerana kashmirensis,Colony_3,200,WT,1,11,10889,10913,24,0.40677966,,
Apis cerana kashmirensis,Colony_3,300,GWT,1,1,19246,19318,72,1.22033898,64.16666667,1.087625
Apis cerana kashmirensis,Colony_3,300,GWT,1,2,19425,19486,61,1.033898303,,
Apis cerana kashmirensis,Colony_3,300,GWT,1,3,19558,19622,64,1.08474576,,
Apis cerana kashmirensis,Colony_3,300,GWT,1,4,19702,19768,66,1.118644065,,
Apis cerana kashmirensis,Colony_3,300,GWT,1,5,19833,19898,65,1.101694913,,
Apis cerana kashmirensis,Colony_3,300,GWT,1,6,19972,20029,57,0.966101693,,
Apis cerana kashmirensis,Colony_3,300,GWT,2,1,350,404,54,0.915254235,49,0.83055
Apis cerana kashmirensis,Colony_3,300,GWT,2,2,479,523,44,0.74576271,,
Apis cerana kashmirensis,Colony_3,300,GWT,3,1,8225,8272,47,0.796610168,51.16666667,0.867275
Apis cerana kashmirensis,Colony_3,300,GWT,3,2,8346,8403,57,0.966101693,,
Apis cerana kashmirensis,Colony_3,300,GWT,3,NA,NA,NA,NA,NA,,
Apis cerana kashmirensis,Colony_3,300,GWT,3,3,8843,8892,49,0.830508473,,
Apis cerana kashmirensis,Colony_3,300,GWT,3,4,8964,9013,49,0.830508473,,
Apis cerana kashmirensis,Colony_3,300,GWT,3,5,9116,9176,60,1.01694915,,
Apis cerana kashmirensis,Colony_3,300,GWT,3,6,9238,9283,45,0.762711863,,
Apis cerana kashmirensis,Colony_3,300,GWT,4,1,21092,21159,67,1.135593218,64.85714286,1.099328571
Apis cerana kashmirensis,Colony_3,300,GWT,4,NA,NA,NA,NA,NA,,
Apis cerana kashmirensis,Colony_3,300,GWT,4,2,21378,21434,56,0.94915254,,
Apis cerana kashmirensis,Colony_3,300,GWT,4,3,21499,21576,77,1.305084743,,
Apis cerana kashmirensis,Colony_3,300,GWT,4,NA,NA,NA,NA,NA,,
Apis cerana kashmirensis,Colony_3,300,GWT,4,4,21663,21725,62,1.050847455,,
Apis cerana kashmirensis,Colony_3,300,GWT,4,NA,NA,NA,NA,NA,,
Apis cerana kashmirensis,Colony_3,300,GWT,4,5,21966,22030,64,1.08474576,,
Apis cerana kashmirensis,Colony_3,300,GWT,4,6,22086,22157,71,1.203389828,,
Apis cerana kashmirensis,Colony_3,300,GWT,4,7,22248,22305,57,0.966101693,,
Apis cerana kashmirensis,Colony_3,300,GWT,5,1,7828,7879,51,0.864406778,64.4,1.09158
Apis cerana kashmirensis,Colony_3,300,GWT,5,2,7974,8041,67,1.135593218,,
Apis cerana kashmirensis,Colony_3,300,GWT,5,3,8104,8173,69,1.169491523,,
Apis cerana kashmirensis,Colony_3,300,GWT,5,4,8248,8333,85,1.440677963,,
Apis cerana kashmirensis,Colony_3,300,GWT,5,5,8404,8454,50,0.847457625,,
Apis cerana kashmirensis,Colony_3,300,WT,1,1,37404,37483,79,1.338983048,58,0.9831
Apis cerana kashmirensis,Colony_3,300,WT,1,2,37542,37595,53,0.898305083,,
Apis cerana kashmirensis,Colony_3,300,WT,1,3,37658,37717,59,0.999999998,,
Apis cerana kashmirensis,Colony_3,300,WT,1,4,37852,37914,62,1.050847455,,
Apis cerana kashmirensis,Colony_3,300,WT,1,5,37984,38050,66,1.118644065,,
Apis cerana kashmirensis,Colony_3,300,WT,1,6,28,83,55,0.932203388,,
Apis cerana kashmirensis,Colony_3,300,WT,1,7,140,196,56,0.94915254,,
Apis cerana kashmirensis,Colony_3,300,WT,1,8,252,311,59,0.999999998,,
Apis cerana kashmirensis,Colony_3,300,WT,1,9,365,434,69,1.169491523,,
Apis cerana kashmirensis,Colony_3,300,WT,1,10,490,546,56,0.94915254,,
Apis cerana kashmirensis,Colony_3,300,WT,1,11,586,644,58,0.983050845,,
Apis cerana kashmirensis,Colony_3,300,WT,1,12,698,741,43,0.728813558,,
Apis cerana kashmirensis,Colony_3,300,WT,1,13,804,854,50,0.847457625,,
Apis cerana kashmirensis,Colony_3,300,WT,1,14,918,986,68,1.15254237,,
Apis cerana kashmirensis,Colony_3,300,WT,1,15,1046,1093,47,0.796610168,,
Apis cerana kashmirensis,Colony_3,300,WT,1,16,1150,1204,54,0.915254235,,
Apis cerana kashmirensis,Colony_3,300,WT,1,17,1278,1330,52,0.88135593,,
Apis cerana kashmirensis,Colony_3,300,WW,1,1,21775,21792,17,0.288135593,48.45454545,0.821304545
Apis cerana kashmirensis,Colony_3,300,WW,1,2,21856,21918,62,1.050847455,,
Apis cerana kashmirensis,Colony_3,300,WW,1,3,21978,22031,53,0.898305083,,
Apis cerana kashmirensis,Colony_3,300,WW,1,4,22084,22159,75,1.271186438,,
Apis cerana kashmirensis,Colony_3,300,WW,1,5,22244,22292,48,0.81355932,,
Apis cerana kashmirensis,Colony_3,300,WW,1,6,22372,22440,68,1.15254237,,
Apis cerana kashmirensis,Colony_3,300,WW,1,7,22502,22571,69,1.169491523,,
Apis cerana kashmirensis,Colony_3,300,WW,1,8,22648,22692,44,0.74576271,,
Apis cerana kashmirensis,Colony_3,300,WW,1,9,22768,22809,41,0.694915253,,
Apis cerana kashmirensis,Colony_3,350,BB,1,1,24654,24674,20,0.33898305,42.5,0.720375
Apis cerana kashmirensis,Colony_3,350,BB,1,2,24762,24798,36,0.61016949,,
Apis cerana kashmirensis,Colony_3,350,BB,1,3,24916,24976,60,1.01694915,,
Apis cerana kashmirensis,Colony_3,350,BB,1,4,25070,25124,54,0.915254235,,
Apis cerana kashmirensis,Colony_3,350,FG-,1,1,20754,20829,75,1.271186438,71,1.20345
Apis cerana kashmirensis,Colony_3,350,FG-,1,2,20900,20970,70,1.186440675,,
Apis cerana kashmirensis,Colony_3,350,FG-,1,3,21038,21116,78,1.322033895,,
Apis cerana kashmirensis,Colony_3,350,FG-,1,4,21206,21264,58,0.983050845,,
Apis cerana kashmirensis,Colony_3,350,FG-,1,5,21374,21425,51,0.864406778,,
Apis cerana kashmirensis,Colony_3,350,FG-,1,6,21506,21583,77,1.305084743,,
Apis cerana kashmirensis,Colony_3,350,FG-,1,7,21660,21732,72,1.22033898,,
Apis cerana kashmirensis,Colony_3,350,FG-,1,8,21804,21888,84,1.42372881,,
Apis cerana kashmirensis,Colony_3,350,FG-,1,9,21962,22034,72,1.22033898,,
Apis cerana kashmirensis,Colony_3,350,FG-,1,10,22118,22193,75,1.271186438,,
Apis cerana kashmirensis,Colony_3,350,FG-,1,11,22260,22333,73,1.237288133,,
Apis cerana kashmirensis,Colony_3,350,FG-,1,12,22406,22476,70,1.186440675,,
Apis cerana kashmirensis,Colony_3,350,FG-,1,NA,NA,NA,NA,NA,,
Apis cerana kashmirensis,Colony_3,350,FG-,1,13,22714,22775,61,1.033898303,,
Apis cerana kashmirensis,Colony_3,350,FG-,1,14,22832,22910,78,1.322033895,,
Apis cerana kashmirensis,Colony_3,350,GW,1,1,15470,15522,52,0.88135593,66,1.1187
Apis cerana kashmirensis,Colony_3,350,GW,1,2,15594,15674,80,1.3559322,,
Apis cerana kashmirensis,Colony_3,350,GW,1,3,15742,15808,66,1.118644065,,
Apis cerana kashmirensis,Colony_3,350,GWT,1,1,392,471,79,1.338983048,67.5,1.144125
Apis cerana kashmirensis,Colony_3,350,GWT,1,2,582,638,56,0.94915254,,
Apis cerana kashmirensis,Colony_3,350,GWT,2,1,14526,14592,66,1.118644065,66.33333333,1.12435
Apis cerana kashmirensis,Colony_3,350,GWT,2,2,14684,14750,66,1.118644065,,
Apis cerana kashmirensis,Colony_3,350,GWT,2,3,14838,14905,67,1.135593218,,
Apis cerana kashmirensis,Colony_3,350,GWT,3,1,24370,24449,79,1.338983048,65.5,1.110225
Apis cerana kashmirensis,Colony_3,350,GWT,3,2,24530,24612,82,1.389830505,,
Apis cerana kashmirensis,Colony_3,350,GWT,3,3,24694,24744,50,0.847457625,,
Apis cerana kashmirensis,Colony_3,350,GWT,3,4,24854,24944,90,1.525423725,,
Apis cerana kashmirensis,Colony_3,350,GWT,3,5,25026,25089,63,1.067796608,,
Apis cerana kashmirensis,Colony_3,350,GWT,3,6,25156,25222,66,1.118644065,,
Apis cerana kashmirensis,Colony_3,350,GWT,3,7,25312,25364,52,0.88135593,,
Apis cerana kashmirensis,Colony_3,350,GWT,3,8,25446,25488,42,0.711864405,,
Apis cerana kashmirensis,Colony_3,350,GWT,4,1,24368,24452,84,1.42372881,63.11764706,1.069844118
Apis cerana kashmirensis,Colony_3,350,GWT,4,2,24530,24615,85,1.440677963,,
Apis cerana kashmirensis,Colony_3,350,GWT,4,3,24694,24745,51,0.864406778,,
Apis cerana kashmirensis,Colony_3,350,GWT,4,4,24842,24911,69,1.169491523,,
Apis cerana kashmirensis,Colony_3,350,GWT,4,5,25026,25081,55,0.932203388,,
Apis cerana kashmirensis,Colony_3,350,GWT,4,6,25154,25220,66,1.118644065,,
Apis cerana kashmirensis,Colony_3,350,GWT,4,7,25336,25363,27,0.457627118,,
Apis cerana kashmirensis,Colony_3,350,GWT,4,8,25448,25489,41,0.694915253,,
Apis cerana kashmirensis,Colony_3,350,GWT,4,NA,NA,NA,NA,NA,,
Apis cerana kashmirensis,Colony_3,350,GWT,4,9,25848,25920,72,1.22033898,,
Apis cerana kashmirensis,Colony_3,350,GWT,4,10,25990,26054,64,1.08474576,,
Apis cerana kashmirensis,Colony_3,350,GWT,4,11,26144,26219,75,1.271186438,,
Apis cerana kashmirensis,Colony_3,350,GWT,4,12,26318,26391,73,1.237288133,,
Apis cerana kashmirensis,Colony_3,350,GWT,4,13,26474,26558,84,1.42372881,,
Apis cerana kashmirensis,Colony_3,350,GWT,4,NA,NA,NA,NA,NA,,
Apis cerana kashmirensis,Colony_3,350,GWT,4,14,26692,26742,50,0.847457625,,
Apis cerana kashmirensis,Colony_3,350,GWT,4,15,26826,26902,76,1.28813559,,
Apis cerana kashmirensis,Colony_3,350,GWT,4,16,27000,27064,64,1.08474576,,
Apis cerana kashmirensis,Colony_3,350,GWT,4,17,27152,27189,37,0.627118643,,
Apis cerana kashmirensis,Colony_3,350,WG,1,1,16342,16406,64,1.08474576,64,1.0848
Apis cerana kashmirensis,Colony_3,350,WG,2,1,28360,28380,20,0.33898305,53,0.89835
Apis cerana kashmirensis,Colony_3,350,WG,2,2,28480,28526,46,0.779661015,,
Apis cerana kashmirensis,Colony_3,350,WG,2,3,28624,28681,57,0.966101693,,
Apis cerana kashmirensis,Colony_3,350,WG,2,4,28754,28812,58,0.983050845,,
Apis cerana kashmirensis,Colony_3,350,WG,2,5,28878,28942,64,1.08474576,,
Apis cerana kashmirensis,Colony_3,350,WG,2,6,29006,29064,58,0.983050845,,
Apis cerana kashmirensis,Colony_3,350,WG,2,7,29140,29196,56,0.94915254,,
Apis cerana kashmirensis,Colony_3,350,WG,2,8,29266,29346,80,1.3559322,,
Apis cerana kashmirensis,Colony_3,350,WG,2,9,29456,29514,58,0.983050845,,
Apis cerana kashmirensis,Colony_3,350,WG,2,10,29600,29635,35,0.593220338,,
Apis cerana kashmirensis,Colony_3,350,WG,2,11,29714,29785,71,1.203389828,,
Apis cerana kashmirensis,Colony_3,350,WG,2,12,29866,29910,44,0.74576271,,
Apis cerana kashmirensis,Colony_3,350,WG,2,13,29986,30045,59,0.999999998,,
Apis cerana kashmirensis,Colony_3,350,WG,2,14,30120,30173,53,0.898305083,,
Apis cerana kashmirensis,Colony_3,350,WG,2,15,30256,30310,54,0.915254235,,
Apis cerana kashmirensis,Colony_3,350,WG,2,16,30392,30446,54,0.915254235,,
Apis cerana kashmirensis,Colony_3,350,WG,2,17,30522,30559,37,0.627118643,,
Apis cerana kashmirensis,Colony_3,350,WG,2,18,30652,30703,51,0.864406778,,
Apis cerana kashmirensis,Colony_3,350,WG,2,19,30786,30838,52,0.88135593,,
Apis cerana kashmirensis,Colony_3,400,FGT_,1,1,5482,5541,59,0.999999998,67.6,1.14582
Apis cerana kashmirensis,Colony_3,400,FGT_,1,2,5611,5686,75,1.271186438,,
Apis cerana kashmirensis,Colony_3,400,FGT_,1,3,5804,5870,66,1.118644065,,
Apis cerana kashmirensis,Colony_3,400,FGT_,1,4,5976,6048,72,1.22033898,,
Apis cerana kashmirensis,Colony_3,400,FGT_,1,5,6112,6197,85,1.440677963,,
Apis cerana kashmirensis,Colony_3,400,FGT_,1,6,6262,6342,80,1.3559322,,
Apis cerana kashmirensis,Colony_3,400,FGT_,1,7,6428,6503,75,1.271186438,,
Apis cerana kashmirensis,Colony_3,400,FGT_,1,8,6582,6626,44,0.74576271,,
Apis cerana kashmirensis,Colony_3,400,FGT_,1,9,6752,6809,57,0.966101693,,
Apis cerana kashmirensis,Colony_3,400,FGT_,1,10,6914,6977,63,1.067796608,,
Apis cerana kashmirensis,Colony_3,400,GWT,1,1,19174,19240,66,1.118644065,68.125,1.15471875
Apis cerana kashmirensis,Colony_3,400,GWT,1,2,19374,19441,67,1.135593218,,
Apis cerana kashmirensis,Colony_3,400,GWT,1,3,19530,19591,61,1.033898303,,
Apis cerana kashmirensis,Colony_3,400,GWT,1,NA,NA,NA,NA,NA,,
Apis cerana kashmirensis,Colony_3,400,GWT,1,4,19762,19844,82,1.389830505,,
Apis cerana kashmirensis,Colony_3,400,GWT,1,5,19936,19985,49,0.830508473,,
Apis cerana kashmirensis,Colony_3,400,GWT,1,6,20068,20153,85,1.440677963,,
Apis cerana kashmirensis,Colony_3,400,GWT,1,7,20256,20320,64,1.08474576,,
Apis cerana kashmirensis,Colony_3,400,GWT,1,8,20420,20491,71,1.203389828,,
Apis cerana kashmirensis,Colony_3,400,GWT,2,1,17190,17237,47,0.796610168,60.9,1.032255
Apis cerana kashmirensis,Colony_3,400,GWT,2,2,17304,17377,73,1.237288133,,
Apis cerana kashmirensis,Colony_3,400,GWT,2,NA,NA,NA,NA,NA,,
Apis cerana kashmirensis,Colony_3,400,GWT,2,3,17554,17623,69,1.169491523,,
Apis cerana kashmirensis,Colony_3,400,GWT,2,4,17710,17755,45,0.762711863,,
Apis cerana kashmirensis,Colony_3,400,GWT,2,5,17904,17965,61,1.033898303,,
Apis cerana kashmirensis,Colony_3,400,GWT,2,6,18062,18126,64,1.08474576,,
Apis cerana kashmirensis,Colony_3,400,GWT,2,7,18250,18321,71,1.203389828,,
Apis cerana kashmirensis,Colony_3,400,GWT,2,8,18449,18503,54,0.915254235,,
Apis cerana kashmirensis,Colony_3,400,GWT,2,9,18604,18662,58,0.983050845,,
Apis cerana kashmirensis,Colony_3,400,GWT,2,10,18776,18843,67,1.135593218,,
Apis cerana kashmirensis,Colony_3,400,WT,1,1,2238,2309,71,1.203389828,60.5,1.025475
Apis cerana kashmirensis,Colony_3,400,WT,1,2,2430,2480,50,0.847457625,,
Apis cerana kashmirensis,Colony_3,400,WW,1,1,18550,18597,47,0.796610168,56.8,0.96276
Apis cerana kashmirensis,Colony_3,400,WW,1,2,18678,18730,52,0.88135593,,
Apis cerana kashmirensis,Colony_3,400,WW,1,3,18804,18864,60,1.01694915,,
Apis cerana kashmirensis,Colony_3,400,WW,1,4,18998,19046,48,0.81355932,,
Apis cerana kashmirensis,Colony_3,400,WW,1,5,19128,19205,77,1.305084743,,
Apis cerana kashmirensis,Colony_3,450,FG_,1,1,8965,9012,47,0.796610168,66.17647059,1.121691176
Apis cerana kashmirensis,Colony_3,450,FG_,1,NA,NA,NA,NA,NA,,
Apis cerana kashmirensis,Colony_3,450,FG_,1,2,9370,9436,66,1.118644065,,
Apis cerana kashmirensis,Colony_3,450,FG_,1,3,9516,9575,59,0.999999998,,
Apis cerana kashmirensis,Colony_3,450,FG_,1,4,9716,9776,60,1.01694915,,
Apis cerana kashmirensis,Colony_3,450,FG_,1,5,9864,9919,55,0.932203388,,
Apis cerana kashmirensis,Colony_3,450,FG_,1,6,10014,10105,91,1.542372878,,
Apis cerana kashmirensis,Colony_3,450,FG_,1,7,10188,10270,82,1.389830505,,
Apis cerana kashmirensis,Colony_3,450,FG_,1,8,10356,10422,66,1.118644065,,
Apis cerana kashmirensis,Colony_3,450,FG_,1,9,10500,10570,70,1.186440675,,
Apis cerana kashmirensis,Colony_3,450,FG_,1,10,10670,10736,66,1.118644065,,
Apis cerana kashmirensis,Colony_3,450,FG_,1,11,10818,10893,75,1.271186438,,
Apis cerana kashmirensis,Colony_3,450,FG_,1,12,10970,11041,71,1.203389828,,
Apis cerana kashmirensis,Colony_3,450,FG_,1,13,11126,11189,63,1.067796608,,
Apis cerana kashmirensis,Colony_3,450,FG_,1,14,11290,11354,64,1.08474576,,
Apis cerana kashmirensis,Colony_3,450,FG_,1,15,11442,11502,60,1.01694915,,
Apis cerana kashmirensis,Colony_3,450,FG_,1,16,11608,11678,70,1.186440675,,
Apis cerana kashmirensis,Colony_3,450,FG_,1,17,11768,11828,60,1.01694915,,
Apis cerana kashmirensis,Colony_3,450,GWT,1,1,3064,3121,57,0.966101693,60,1.017
Apis cerana kashmirensis,Colony_3,450,GWT,1,2,3226,3289,63,1.067796608,,
Apis cerana kashmirensis,Colony_3,450,GWT,2,1,30856,30899,43,0.728813558,73.6,1.24752
Apis cerana kashmirensis,Colony_3,450,GWT,2,2,31018,31101,83,1.406779658,,
Apis cerana kashmirensis,Colony_3,450,GWT,2,3,31214,31273,59,0.999999998,,
Apis cerana kashmirensis,Colony_3,450,GWT,2,4,31553,31627,74,1.254237285,,
Apis cerana kashmirensis,Colony_3,450,GWT,2,5,31714,31793,79,1.338983048,,
Apis cerana kashmirensis,Colony_3,450,GWT,2,6,31906,31971,65,1.101694913,,
Apis cerana kashmirensis,Colony_3,450,GWT,2,7,32072,32149,77,1.305084743,,
Apis cerana kashmirensis,Colony_3,450,GWT,2,8,32226,32303,77,1.305084743,,
Apis cerana kashmirensis,Colony_3,450,GWT,2,9,32398,32472,74,1.254237285,,
Apis cerana kashmirensis,Colony_3,450,GWT,2,10,32564,32653,89,1.508474573,,
Apis cerana kashmirensis,Colony_3,450,GWT,2,11,32768,32846,78,1.322033895,,
Apis cerana kashmirensis,Colony_3,450,GWT,2,12,32924,33009,85,1.440677963,,
Apis cerana kashmirensis,Colony_3,450,GWT,2,13,33098,33182,84,1.42372881,,
Apis cerana kashmirensis,Colony_3,450,GWT,2,14,33304,33369,65,1.101694913,,
Apis cerana kashmirensis,Colony_3,450,GWT,2,15,33460,33532,72,1.22033898,,
Apis cerana kashmirensis,Colony_3,450,GWT,3,1,8180,8230,50,0.847457625,75,1.27125
Apis cerana kashmirensis,Colony_3,450,GWT,3,2,8342,8401,59,0.999999998,,
Apis cerana kashmirensis,Colony_3,450,GWT,3,3,8480,8571,91,1.542372878,,
Apis cerana kashmirensis,Colony_3,450,GWT,3,4,8664,8744,80,1.3559322,,
Apis cerana kashmirensis,Colony_3,450,GWT,3,5,8848,8921,73,1.237288133,,
Apis cerana kashmirensis,Colony_3,450,GWT,3,6,9052,9123,71,1.203389828,,
Apis cerana kashmirensis,Colony_3,450,GWT,3,NA,NA,NA,NA,NA,,
Apis cerana kashmirensis,Colony_3,450,GWT,3,7,9526,9612,86,1.457627115,,
Apis cerana kashmirensis,Colony_3,450,GWT,3,8,9698,9761,63,1.067796608,,
Apis cerana kashmirensis,Colony_3,450,GWT,3,9,9856,9932,76,1.28813559,,
Apis cerana kashmirensis,Colony_3,450,GWT,3,10,10016,10114,98,1.661016945,,
Apis cerana kashmirensis,Colony_3,450,GWT,3,11,10200,10279,79,1.338983048,,
Apis cerana kashmirensis,Colony_3,450,GWT,3,12,10370,10445,75,1.271186438,,
Apis cerana kashmirensis,Colony_3,450,GWT,3,13,10536,10605,69,1.169491523,,
Apis cerana kashmirensis,Colony_3,450,GWT,3,14,10706,10789,83,1.406779658,,
Apis cerana kashmirensis,Colony_3,450,GWT,3,15,10888,10961,73,1.237288133,,
Apis cerana kashmirensis,Colony_3,450,GWT,3,16,11078,11152,74,1.254237285,,
Apis cerana kashmirensis,Colony_3,450,PP,1,1,294,359,65,1.101694913,60.08333333,1.0184125
Apis cerana kashmirensis,Colony_3,450,PP,1,2,464,529,65,1.101694913,,
Apis cerana kashmirensis,Colony_3,450,PP,1,3,646,693,47,0.796610168,,
Apis cerana kashmirensis,Colony_3,450,PP,1,4,782,845,63,1.067796608,,
Apis cerana kashmirensis,Colony_3,450,PP,1,5,938,1003,65,1.101694913,,
Apis cerana kashmirensis,Colony_3,450,PP,1,6,1108,1168,60,1.01694915,,
Apis cerana kashmirensis,Colony_3,450,PP,1,7,1264,1333,69,1.169491523,,
Apis cerana kashmirensis,Colony_3,450,PP,1,8,1446,1507,61,1.033898303,,
Apis cerana kashmirensis,Colony_3,450,PP,1,9,1612,1669,57,0.966101693,,
Apis cerana kashmirensis,Colony_3,450,PP,1,10,1764,1824,60,1.01694915,,
Apis cerana kashmirensis,Colony_3,450,PP,1,11,1924,1981,57,0.966101693,,
Apis cerana kashmirensis,Colony_3,450,PP,1,12,2101,2153,52,0.88135593,,
Apis cerana kashmirensis,Colony_3,450,PP,2,1,17306,17373,67,1.135593218,64.22222222,1.088566667
Apis cerana kashmirensis,Colony_3,450,PP,2,2,17458,17511,53,0.898305083,,
Apis cerana kashmirensis,Colony_3,450,PP,2,3,17614,17692,78,1.322033895,,
Apis cerana kashmirensis,Colony_3,450,PP,2,4,17782,17830,48,0.81355932,,
Apis cerana kashmirensis,Colony_3,450,PP,2,5,17928,18001,73,1.237288133,,
Apis cerana kashmirensis,Colony_3,450,PP,2,6,18108,18162,54,0.915254235,,
Apis cerana kashmirensis,Colony_3,450,PP,2,7,18266,18322,56,0.94915254,,
Apis cerana kashmirensis,Colony_3,450,PP,2,8,18414,18482,68,1.15254237,,
Apis cerana kashmirensis,Colony_3,450,PP,2,9,18578,18645,67,1.135593218,,
Apis cerana kashmirensis,Colony_3,450,PP,2,10,18732,18807,75,1.271186438,,
Apis cerana kashmirensis,Colony_3,450,PP,2,11,18904,18986,82,1.389830505,,
Apis cerana kashmirensis,Colony_3,450,PP,2,12,19060,19123,63,1.067796608,,
Apis cerana kashmirensis,Colony_3,450,PP,2,13,19220,19276,56,0.94915254,,
Apis cerana kashmirensis,Colony_3,450,PP,2,14,19382,19451,69,1.169491523,,
Apis cerana kashmirensis,Colony_3,450,PP,2,15,19542,19595,53,0.898305083,,
Apis cerana kashmirensis,Colony_3,450,PP,2,16,19678,19742,64,1.08474576,,
Apis cerana kashmirensis,Colony_3,450,PP,2,17,19852,19919,67,1.135593218,,
Apis cerana kashmirensis,Colony_3,450,PP,2,18,20014,20077,63,1.067796608,,
Apis cerana kashmirensis,Colony_3,450,PP,3,1,33496,33523,27,0.457627118,63.5,1.076325
Apis cerana kashmirensis,Colony_3,450,PP,3,2,33590,33635,45,0.762711863,,
Apis cerana kashmirensis,Colony_3,450,PP,3,3,33725,33791,66,1.118644065,,
Apis cerana kashmirensis,Colony_3,450,PP,3,4,33874,33948,74,1.254237285,,
Apis cerana kashmirensis,Colony_3,450,PP,3,5,34044,34099,55,0.932203388,,
Apis cerana kashmirensis,Colony_3,450,PP,3,6,34182,34250,68,1.15254237,,
Apis cerana kashmirensis,Colony_3,450,PP,3,7,34348,34425,77,1.305084743,,
Apis cerana kashmirensis,Colony_3,450,PP,3,8,34510,34580,70,1.186440675,,
Apis cerana kashmirensis,Colony_3,450,PP,3,9,34703,34767,64,1.08474576,,
Apis cerana kashmirensis,Colony_3,450,PP,3,10,34850,34912,62,1.050847455,,
Apis cerana kashmirensis,Colony_3,450,PP,3,11,35006,35073,67,1.135593218,,
Apis cerana kashmirensis,Colony_3,450,PP,3,12,35156,35236,80,1.3559322,,
Apis cerana kashmirensis,Colony_3,450,PP,3,13,35324,35365,41,0.694915253,,
Apis cerana kashmirensis,Colony_3,450,PP,3,14,35432,35493,61,1.033898303,,
Apis cerana kashmirensis,Colony_3,450,PP,3,15,35548,35603,55,0.932203388,,
Apis cerana kashmirensis,Colony_3,450,PP,3,16,35692,35759,67,1.135593218,,
Apis cerana kashmirensis,Colony_3,450,PP,3,17,35854,35927,73,1.237288133,,
Apis cerana kashmirensis,Colony_3,450,PP,3,18,36020,36098,78,1.322033895,,
Apis cerana kashmirensis,Colony_3,450,PP,3,19,36186,36237,51,0.864406778,,
Apis cerana kashmirensis,Colony_3,450,PP,3,20,36333,36387,54,0.915254235,,
Apis cerana kashmirensis,Colony_3,450,PP,3,21,36462,36549,87,1.474576268,,
Apis cerana kashmirensis,Colony_3,450,PP,3,22,36626,36693,67,1.135593218,,
Apis cerana kashmirensis,Colony_3,450,PP,3,23,36782,36854,72,1.22033898,,
Apis cerana kashmirensis,Colony_3,450,PP,3,24,36930,37000,70,1.186440675,,
Apis cerana kashmirensis,Colony_3,450,PP,3,25,37076,37159,83,1.406779658,,
Apis cerana kashmirensis,Colony_3,450,PP,3,26,37262,37308,46,0.779661015,,
Apis cerana kashmirensis,Colony_3,450,PP,3,27,37396,37461,65,1.101694913,,
Apis cerana kashmirensis,Colony_3,450,PP,3,28,37544,37615,71,1.203389828,,
Apis cerana kashmirensis,Colony_3,450,PP,3,29,37696,37761,65,1.101694913,,
Apis cerana kashmirensis,Colony_3,450,PP,3,30,37848,37902,54,0.915254235,,
Apis cerana kashmirensis,Colony_3,450,PP,3,31,37992,38075,83,1.406779658,,
Apis cerana kashmirensis,Colony_3,450,PP,4,1,17294,17328,34,0.576271185,34,0.5763
Apis cerana kashmirensis,Colony_3,450,WPT,1,1,25646,25709,63,1.067796608,65,1.10175
Apis cerana kashmirensis,Colony_3,450,WPT,1,2,25814,25881,67,1.135593218,,
Apis cerana kashmirensis,Colony_3,450,WPT,2,1,1110,1163,53,0.898305083,57.5,0.974625
Apis cerana kashmirensis,Colony_3,450,WPT,2,2,1298,1360,62,1.050847455,,
Apis cerana kashmirensis,Colony_3,450,WT,1,1,17278,17353,75,1.271186438,65.8,1.11531
Apis cerana kashmirensis,Colony_3,450,WT,1,2,17710,17764,54,0.915254235,,
Apis cerana kashmirensis,Colony_3,450,WT,1,3,17858,17924,66,1.118644065,,
Apis cerana kashmirensis,Colony_3,450,WT,1,4,18018,18096,78,1.322033895,,
Apis cerana kashmirensis,Colony_3,450,WT,1,5,18178,18234,56,0.94915254,,
Apis cerana kashmirensis,Colony_3,450,YA,1,1,150,220,70,1.186440675,63.41666667,1.0749125
Apis cerana kashmirensis,Colony_3,450,YA,1,2,302,364,62,1.050847455,,
Apis cerana kashmirensis,Colony_3,450,YA,1,NA,NA,NA,NA,NA,,
Apis cerana kashmirensis,Colony_3,450,YA,1,3,546,611,65,1.101694913,,
Apis cerana kashmirensis,Colony_3,450,YA,1,4,698,761,63,1.067796608,,
Apis cerana kashmirensis,Colony_3,450,YA,1,5,858,924,66,1.118644065,,
Apis cerana kashmirensis,Colony_3,450,YA,1,6,1016,1086,70,1.186440675,,
Apis cerana kashmirensis,Colony_3,450,YA,1,7,1160,1236,76,1.28813559,,
Apis cerana kashmirensis,Colony_3,450,YA,1,8,1346,1419,73,1.237288133,,
Apis cerana kashmirensis,Colony_3,450,YA,1,9,1510,1577,67,1.135593218,,
Apis cerana kashmirensis,Colony_3,450,YA,2,1,14069,14120,51,0.864406778,68.68421053,1.164197368
Apis cerana kashmirensis,Colony_3,450,YA,2,2,14262,14315,53,0.898305083,,
Apis cerana kashmirensis,Colony_3,450,YA,2,3,14432,14477,45,0.762711863,,
Apis cerana kashmirensis,Colony_3,450,YA,2,NA,NA,NA,NA,NA,,
Apis cerana kashmirensis,Colony_3,450,YA,2,4,14680,14749,69,1.169491523,,
Apis cerana kashmirensis,Colony_3,450,YA,2,5,14874,14948,74,1.254237285,,
Apis cerana kashmirensis,Colony_3,450,YA,2,6,15022,15087,65,1.101694913,,
Apis cerana kashmirensis,Colony_3,450,YA,2,7,15162,15244,82,1.389830505,,
Apis cerana kashmirensis,Colony_3,450,YA,2,8,15332,15418,86,1.457627115,,
Apis cerana kashmirensis,Colony_3,450,YA,2,9,15502,15568,66,1.118644065,,
Apis cerana kashmirensis,Colony_3,450,YA,2,10,15652,15728,76,1.28813559,,
Apis cerana kashmirensis,Colony_3,450,YA,2,11,15802,15877,75,1.271186438,,
Apis cerana kashmirensis,Colony_3,450,YA,2,12,15962,16042,80,1.3559322,,
Apis cerana kashmirensis,Colony_3,450,YA,2,13,16122,16195,73,1.237288133,,
Apis cerana kashmirensis,Colony_3,450,YA,2,14,16310,16382,72,1.22033898,,
Apis cerana kashmirensis,Colony_3,450,YA,2,15,16464,16538,74,1.254237285,,
Apis cerana kashmirensis,Colony_3,450,YA,2,16,16614,16688,74,1.254237285,,
Apis cerana kashmirensis,Colony_3,450,YA,2,NA,NA,NA,NA,NA,,
Apis cerana kashmirensis,Colony_3,450,YA,2,17,16817,16868,51,0.864406778,,
Apis cerana kashmirensis,Colony_3,450,YA,2,18,16966,17033,67,1.135593218,,
Apis cerana kashmirensis,Colony_3,450,YA,2,19,17108,17180,72,1.22033898,,
Apis cerana kashmirensis,Colony_3,500,FG_,1,1,27900,27978,78,1.3221,72.9,1.235655
Apis cerana kashmirensis,Colony_3,500,FG_,1,NA,NA,NA,NA,NA,,
Apis cerana kashmirensis,Colony_3,500,FG_,1,2,29198,29288,90,1.5255,,
Apis cerana kashmirensis,Colony_3,500,FG_,1,NA,NA,NA,NA,NA,,
Apis cerana kashmirensis,Colony_3,500,FG_,1,3,29418,29498,80,1.356,,
Apis cerana kashmirensis,Colony_3,500,FG_,1,4,29574,29667,93,1.57635,,
Apis cerana kashmirensis,Colony_3,500,FG_,1,5,29764,29855,91,1.54245,,
Apis cerana kashmirensis,Colony_3,500,FG_,1,6,29956,30008,52,0.8814,,
Apis cerana kashmirensis,Colony_3,500,FG_,1,7,30106,30174,68,1.1526,,
Apis cerana kashmirensis,Colony_3,500,FG_,1,8,30278,30340,62,1.0509,,
Apis cerana kashmirensis,Colony_3,500,FG_,1,9,30422,30493,71,1.20345,,
Apis cerana kashmirensis,Colony_3,500,FG_,1,10,30600,30644,44,0.7458,,
Apis cerana kashmirensis,Colony_3,500,FG_,2,1,5170,5248,78,1.3221,65.42857143,1.109014286
Apis cerana kashmirensis,Colony_3,500,FG_,2,2,5318,5387,69,1.16955,,
Apis cerana kashmirensis,Colony_3,500,FG_,2,3,5460,5530,70,1.1865,,
Apis cerana kashmirensis,Colony_3,500,FG_,2,4,5626,5706,80,1.356,,
Apis cerana kashmirensis,Colony_3,500,FG_,2,5,5800,5863,63,1.06785,,
Apis cerana kashmirensis,Colony_3,500,FG_,2,6,5992,6024,32,0.5424,,
Apis cerana kashmirensis,Colony_3,500,FG_,2,7,6114,6180,66,1.1187,,
Apis cerana kashmirensis,Colony_3,500,OO,1,1,21112,21166,54,0.9153,70.76190476,1.199414286
Apis cerana kashmirensis,Colony_3,500,OO,1,2,21296,21368,72,1.2204,,
Apis cerana kashmirensis,Colony_3,500,OO,1,3,21458,21534,76,1.2882,,
Apis cerana kashmirensis,Colony_3,500,OO,1,NA,NA,NA,NA,NA,,
Apis cerana kashmirensis,Colony_3,500,OO,1,4,21804,21882,78,1.3221,,
Apis cerana kashmirensis,Colony_3,500,OO,1,5,21958,22039,81,1.37295,,
Apis cerana kashmirensis,Colony_3,500,OO,1,6,22124,22219,95,1.61025,,
Apis cerana kashmirensis,Colony_3,500,OO,1,NA,NA,NA,NA,NA,,
Apis cerana kashmirensis,Colony_3,500,OO,1,7,22570,22633,63,1.06785,,
Apis cerana kashmirensis,Colony_3,500,OO,1,8,22728,22808,80,1.356,,
Apis cerana kashmirensis,Colony_3,500,OO,1,9,23014,23049,35,0.59325,,
Apis cerana kashmirensis,Colony_3,500,OO,1,NA,NA,NA,NA,NA,,
Apis cerana kashmirensis,Colony_3,500,OO,1,10,23384,23447,63,1.06785,,
Apis cerana kashmirensis,Colony_3,500,OO,1,11,23544,23617,73,1.23735,,
Apis cerana kashmirensis,Colony_3,500,OO,1,12,23708,23783,75,1.27125,,
Apis cerana kashmirensis,Colony_3,500,OO,1,13,23900,23951,51,0.86445,,
Apis cerana kashmirensis,Colony_3,500,OO,1,14,24080,24164,84,1.4238,,
Apis cerana kashmirensis,Colony_3,500,OO,1,15,24256,24355,99,1.67805,,
Apis cerana kashmirensis,Colony_3,500,OO,1,16,24448,24530,82,1.3899,,
Apis cerana kashmirensis,Colony_3,500,OO,1,17,24626,24698,72,1.2204,,
Apis cerana kashmirensis,Colony_3,500,OO,1,18,24796,24858,62,1.0509,,
Apis cerana kashmirensis,Colony_3,500,OO,1,19,24970,25042,72,1.2204,,
Apis cerana kashmirensis,Colony_3,500,OO,1,20,25148,25212,64,1.0848,,
Apis cerana kashmirensis,Colony_3,500,OO,1,21,25334,25389,55,0.93225,,
Apis cerana kashmirensis,Colony_3,500,OO,2,1,154,212,58,0.9831,73.625,1.24794375
Apis cerana kashmirensis,Colony_3,500,OO,2,2,306,391,85,1.44075,,
Apis cerana kashmirensis,Colony_3,500,OO,2,3,494,571,77,1.30515,,
Apis cerana kashmirensis,Colony_3,500,OO,2,4,664,744,80,1.356,,
Apis cerana kashmirensis,Colony_3,500,OO,2,5,842,914,72,1.2204,,
Apis cerana kashmirensis,Colony_3,500,OO,2,6,1004,1103,99,1.67805,,
Apis cerana kashmirensis,Colony_3,500,OO,2,7,1216,1274,58,0.9831,,
Apis cerana kashmirensis,Colony_3,500,OO,2,8,1394,1454,60,1.017,,
Apis cerana kashmirensis,Colony_3,500,PP,1,1,23564,23592,28,0.4746,48,0.8136
Apis cerana kashmirensis,Colony_3,500,PP,1,2,23656,23698,42,0.7119,,
Apis cerana kashmirensis,Colony_3,500,PP,1,3,23780,23832,52,0.8814,,
Apis cerana kashmirensis,Colony_3,500,PP,1,4,23948,24008,60,1.017,,
Apis cerana kashmirensis,Colony_3,500,PP,1,5,24112,24164,52,0.8814,,
Apis cerana kashmirensis,Colony_3,500,PP,1,6,24256,24292,36,0.6102,,
Apis cerana kashmirensis,Colony_3,500,PP,1,7,24388,24468,80,1.356,,
Apis cerana kashmirensis,Colony_3,500,PP,1,8,24570,24604,34,0.5763,,
Apis cerana kashmirensis,Colony_3,500,PP,2,1,140,202,62,1.0509,59.375,1.00640625
Apis cerana kashmirensis,Colony_3,500,PP,2,2,316,354,38,0.6441,,
Apis cerana kashmirensis,Colony_3,500,PP,2,3,448,534,86,1.4577,,
Apis cerana kashmirensis,Colony_3,500,PP,2,4,662,698,36,0.6102,,
Apis cerana kashmirensis,Colony_3,500,PP,2,5,778,847,69,1.16955,,
Apis cerana kashmirensis,Colony_3,500,PP,2,6,954,1010,56,0.9492,,
Apis cerana kashmirensis,Colony_3,500,PP,2,7,1104,1167,63,1.06785,,
Apis cerana kashmirensis,Colony_3,500,PP,2,8,1270,1344,74,1.2543,,
Apis cerana kashmirensis,Colony_3,500,PP,2,9,1438,1503,65,1.10175,,
Apis cerana kashmirensis,Colony_3,500,PP,2,10,1584,1660,76,1.2882,,
Apis cerana kashmirensis,Colony_3,500,PP,2,11,1748,1831,83,1.40685,,
Apis cerana kashmirensis,Colony_3,500,PP,2,12,1906,1959,53,0.89835,,
Apis cerana kashmirensis,Colony_3,500,PP,3,1,16040,16068,28,0.4746,56.30769231,0.954415385
Apis cerana kashmirensis,Colony_3,500,PP,3,2,16132,16148,16,0.2712,,
Apis cerana kashmirensis,Colony_3,500,PP,3,3,16204,16228,24,0.4068,,
Apis cerana kashmirensis,Colony_3,500,PP,3,4,16278,16338,60,1.017,,
Apis cerana kashmirensis,Colony_3,500,PP,3,5,16430,16491,61,1.03395,,
Apis cerana kashmirensis,Colony_3,500,PP,3,6,16568,16650,82,1.3899,,
Apis cerana kashmirensis,Colony_3,500,PP,3,7,16734,16782,48,0.8136,,
Apis cerana kashmirensis,Colony_3,500,PP,3,8,16868,16927,59,1.00005,,
Apis cerana kashmirensis,Colony_3,500,PP,3,9,17008,17093,85,1.44075,,
Apis cerana kashmirensis,Colony_3,500,PP,3,10,17290,17346,56,0.9492,,
Apis cerana kashmirensis,Colony_3,500,PP,3,11,17434,17513,79,1.33905,,
Apis cerana kashmirensis,Colony_3,500,PP,3,12,17604,17670,66,1.1187,,
Apis cerana kashmirensis,Colony_3,500,PP,3,13,17746,17814,68,1.1526,,
Apis cerana kashmirensis,Colony_3,500,PP,4,1,30814,30852,38,0.6441,65.2,1.10514
Apis cerana kashmirensis,Colony_3,500,PP,4,2,30936,31000,64,1.0848,,
Apis cerana kashmirensis,Colony_3,500,PP,4,3,31092,31160,68,1.1526,,
Apis cerana kashmirensis,Colony_3,500,PP,4,4,31259,31315,56,0.9492,,
Apis cerana kashmirensis,Colony_3,500,PP,4,5,31414,31476,62,1.0509,,
Apis cerana kashmirensis,Colony_3,500,PP,4,6,31604,31645,41,0.69495,,
Apis cerana kashmirensis,Colony_3,500,PP,4,7,31740,31808,68,1.1526,,
Apis cerana kashmirensis,Colony_3,500,PP,4,8,31892,31958,66,1.1187,,
Apis cerana kashmirensis,Colony_3,500,PP,4,9,32052,32122,70,1.1865,,
Apis cerana kashmirensis,Colony_3,500,PP,4,10,32208,32293,85,1.44075,,
Apis cerana kashmirensis,Colony_3,500,PP,4,11,32382,32448,66,1.1187,,
Apis cerana kashmirensis,Colony_3,500,PP,4,12,32536,32604,68,1.1526,,
Apis cerana kashmirensis,Colony_3,500,PP,4,13,32692,32771,79,1.33905,,
Apis cerana kashmirensis,Colony_3,500,PP,4,14,32848,32912,64,1.0848,,
Apis cerana kashmirensis,Colony_3,500,PP,4,15,32990,33062,72,1.2204,,
Apis cerana kashmirensis,Colony_3,500,PP,4,16,33154,33219,65,1.10175,,
Apis cerana kashmirensis,Colony_3,500,PP,4,17,33296,33380,84,1.4238,,
Apis cerana kashmirensis,Colony_3,500,PP,4,18,33454,33522,68,1.1526,,
Apis cerana kashmirensis,Colony_3,500,PP,4,19,33598,33680,82,1.3899,,
Apis cerana kashmirensis,Colony_3,500,PP,4,20,33774,33832,58,0.9831,,
Apis cerana kashmirensis,Colony_3,500,PP,4,21,33906,33956,50,0.8475,,
Apis cerana kashmirensis,Colony_3,500,PP,4,22,34044,34073,29,0.49155,,
Apis cerana kashmirensis,Colony_3,500,PP,4,23,34152,34251,99,1.67805,,
Apis cerana kashmirensis,Colony_3,500,PP,4,24,34328,34387,59,1.00005,,
Apis cerana kashmirensis,Colony_3,500,PP,4,25,34476,34545,69,1.16955,,
Apis cerana kashmirensis,Colony_3,500,PP,4,26,34616,34677,61,1.03395,,
Apis cerana kashmirensis,Colony_3,500,PP,4,27,34767,34818,51,0.86445,,
Apis cerana kashmirensis,Colony_3,500,WA,1,1,864,950,86,1.4577,78.85714286,1.336628571
Apis cerana kashmirensis,Colony_3,500,WA,1,2,1044,1126,82,1.3899,,
Apis cerana kashmirensis,Colony_3,500,WA,1,3,1214,1298,84,1.4238,,
Apis cerana kashmirensis,Colony_3,500,WA,1,4,1386,1472,86,1.4577,,
Apis cerana kashmirensis,Colony_3,500,WA,1,5,1574,1659,85,1.44075,,
Apis cerana kashmirensis,Colony_3,500,WA,1,6,1752,1815,63,1.06785,,
Apis cerana kashmirensis,Colony_3,500,WA,1,7,1922,1988,66,1.1187,,
Apis cerana kashmirensis,Colony_3,500,WT,1,1,24114,24163,49,0.83055,59.16666667,1.002875
Apis cerana kashmirensis,Colony_3,500,WT,1,2,24236,24289,53,0.89835,,
Apis cerana kashmirensis,Colony_3,500,WT,1,3,24390,24449,59,1.00005,,
Apis cerana kashmirensis,Colony_3,500,WT,1,4,24540,24579,39,0.66105,,
Apis cerana kashmirensis,Colony_3,500,WT,1,5,24692,24764,72,1.2204,,
Apis cerana kashmirensis,Colony_3,500,WT,1,6,24860,24924,64,1.0848,,
Apis cerana kashmirensis,Colony_3,500,WT,1,7,25014,25073,59,1.00005,,
Apis cerana kashmirensis,Colony_3,500,WT,1,8,25174,25248,74,1.2543,,
Apis cerana kashmirensis,Colony_3,500,WT,1,9,25324,25375,51,0.86445,,
Apis cerana kashmirensis,Colony_3,500,WT,1,10,25478,25553,75,1.27125,,
Apis cerana kashmirensis,Colony_3,500,WT,1,11,25634,25685,51,0.86445,,
Apis cerana kashmirensis,Colony_3,500,WT,1,12,25810,25874,64,1.0848,,
Apis cerana kashmirensis,Colony_3,500,YT,1,1,35596,35662,66,1.1187,62,1.0509
Apis cerana kashmirensis,Colony_3,500,YT,1,2,35778,35836,58,0.9831,,
Apis cerana kashmirensis,Colony_3,500,YT,2,1,16298,16338,40,0.678,54,0.9153
Apis cerana kashmirensis,Colony_3,500,YT,2,2,16502,16564,62,1.0509,,
Apis cerana kashmirensis,Colony_3,500,YT,2,3,16678,16756,78,1.3221,,
Apis cerana kashmirensis,Colony_3,500,YT,2,4,16914,16962,48,0.8136,,
Apis cerana kashmirensis,Colony_3,500,YT,2,5,17070,17117,47,0.79665,,
Apis cerana kashmirensis,Colony_3,500,YT,2,6,17236,17300,64,1.0848,,
Apis cerana kashmirensis,Colony_3,500,YT,2,7,17402,17466,64,1.0848,,
Apis cerana kashmirensis,Colony_3,500,YT,2,8,17572,17623,51,0.86445,,
Apis cerana kashmirensis,Colony_3,500,YT,2,9,17778,17810,32,0.5424,,
Apis cerana kashmirensis,Colony_3,500,YT/,1,1,732,824,92,1.5594,74.42857143,1.261564286
Apis cerana kashmirensis,Colony_3,500,YT/,1,2,910,1005,95,1.61025,,
Apis cerana kashmirensis,Colony_3,500,YT/,1,3,1192,1268,76,1.2882,,
Apis cerana kashmirensis,Colony_3,500,YT/,1,4,1344,1431,87,1.47465,,
Apis cerana kashmirensis,Colony_3,500,YT/,1,5,1522,1603,81,1.37295,,
Apis cerana kashmirensis,Colony_3,500,YT/,1,6,1696,1770,74,1.2543,,
Apis cerana kashmirensis,Colony_3,500,YT/,1,7,1866,1960,94,1.5933,,
Apis cerana kashmirensis,Colony_3,500,YT/,1,8,2042,2114,72,1.2204,,
Apis cerana kashmirensis,Colony_3,500,YT/,1,9,2198,2290,92,1.5594,,
Apis cerana kashmirensis,Colony_3,500,YT/,1,10,2374,2447,73,1.23735,,
Apis cerana kashmirensis,Colony_3,500,YT/,1,11,2532,2591,59,1.00005,,
Apis cerana kashmirensis,Colony_3,500,YT/,1,12,2698,2748,50,0.8475,,
Apis cerana kashmirensis,Colony_3,500,YT/,1,13,2844,2894,50,0.8475,,
Apis cerana kashmirensis,Colony_3,500,YT/,1,14,2998,3045,47,0.79665,,
